accession,hgvs_nt,hgvs_pro,score,SE,epsilon,SE_PlusE2NewRep3,score_PlusE2NewRep3,SE_PlusE2NewRep4,score_PlusE2NewRep4,SE_PlusE2NewRep5,score_PlusE2NewRep5,SE_PlusE2Rep3,score_PlusE2Rep3,SE_PlusE2Rep4,score_PlusE2Rep4,SE_PlusE2Rep5,score_PlusE2Rep5
urn:mavedb:00000003-a-1#1370,77G>T,Cys26Phe,-4.134404652,0.333099841,0,0.289025583,-3.680958842,0.429379964,-4.364102811,0.353720709,-3.514475955,0.376292235,-3.292891518,0.315857952,-4.385207694,0.161177431,-5.376609465
urn:mavedb:00000003-a-1#1622,33A>T,Gln11His,0.796522794,0.095511121,2.20E-12,0.082801053,0.927734271,0.104117275,0.720087508,0.142041168,1.044443723,0.216357449,0.198958545,0.141821659,0.679058167,0.053408971,0.942422379
urn:mavedb:00000003-a-1#9137,159G>T,Gln53His,-2.211282069,0.280965996,1.11E-16,0.176837628,-2.353744447,0.16292331,-1.450070097,0.17041842,-2.142533132,0.354972574,-3.359421705,0.329390804,-1.424622459,0.15476349,-2.623215668
urn:mavedb:00000003-a-1#2102,136T>G,Cys46Gly,-1.624800202,0.324948167,0,0.453542527,-2.041431525,0.15915722,-1.937265275,0.205004463,-2.788733712,0.109211866,-1.205581491,0.020246868,-1.338924861,0.336461726,-0.434590525
urn:mavedb:00000003-a-1#1264,266T>G,Ile89Ser,-1.066312446,0.22496648,0,0.329339605,-1.957399909,0.113728781,-0.276590777,0.239785962,-1.283948118,0.123881931,-1.166352613,0.166965452,-1.297197596,0.087659036,-0.691204647